resistance,actual r,error,voltage,current,power
1,1.3,.30,2.83E-01,0.217,0.0614327
5,5.3,.06,1.14,0.215,0.2451
10,10.3,.03,2.234,0.219,0.489246
20,20.7,.04,4.58,0.22,1.0076
30,29.4,.02,6.49,0.22,1.4278
40,40.3,.01,9.09,0.227,2.06343
50,50.5,.01,9.67,0.239,2.31113
60,60.8,.01,14.9,0.245,3.6505
70,70.5,.01,16.88,0.238,4.01744
80,83,.04,18.24,0.219,3.99456
90,89.9,0,18.81,0.206,3.87486
100,100.2,0,19.1,0.191,3.6481
OPEN,,,20,0,0